<?xml version="1.0"?>
<!DOCTYPE hibernate-mapping PUBLIC "-//Hibernate/Hibernate Mapping DTD 3.0//EN"
"http://www.hibernate.org/dtd/hibernate-mapping-3.0.dtd">
<!-- Generated Feb 28, 2016 1:32:14 AM by Hibernate Tools 4.3.1 -->
<hibernate-mapping>
    <class name="com.crazydrt.pojo.Books" table="books" catalog="booksdb" optimistic-lock="version">
        <id name="isbn" type="string">
            <column name="isbn" length="12" />
            <generator class="assigned" />
        </id>
        <property name="title" type="string">
            <column name="title" length="60" />
        </property>
        <property name="authors" type="string">
            <column name="authors" length="60" />
        </property>
        <property name="price" type="java.lang.Float">
            <column name="price" precision="12" scale="0" />
        </property>
    </class>
</hibernate-mapping>
